﻿pos_x,pos_y,rotation,side,designator,mpn,pack,footprint,value,mount_type
196.3,-78.8,0.0,top,C1,,,CP_Radial_D6.3mm_P2.50mm,47uF,tht
191.9824,-78.8,180.0,top,C2,,,CP_Radial_D6.3mm_P2.50mm,47uF,tht
208.9,-81.2,180.0,top,C3,,,C_Rect_L7.2mm_W2.5mm_P5.00mm_FKS2_FKP2_MKS2_MKP2,47nF,tht
183.0,-85.2,-90.0,top,C4,,,CP_Radial_D5.0mm_P2.50mm,10uF,tht
203.9,-84.6,0.0,top,C5,,,C_Rect_L7.2mm_W3.0mm_P5.00mm_FKS2_FKP2_MKS2_MKP2,3n3,tht
185.6,-78.2,180.0,top,C6,,,CP_Radial_D5.0mm_P2.50mm,10uF,tht
183.0,-90.8,-90.0,top,C7,,,CP_Radial_D5.0mm_P2.50mm,10uF,tht
202.39,-78.0,0.0,top,D1,,,D_DO-41_SOD81_P7.62mm_Horizontal,1N5819,tht
215.5,-93.3,90.0,top,J1,TB002-500-04BE,,TB00250004BE,TB002-500-04BE,tht
203.2,-94.6,-90.0,top,J2,,,PinHeader_1x04_P2.54mm_Vertical,Conn_01x04_Pin,tht
188.8,-84.4,0.0,bottom,Q1,,,SOT-23,MMBF5457,smt
194.3,-91.6,180.0,bottom,Q2,,,SOT-23,BC849C,smt
194.0,-81.4,180.0,bottom,R1,,,R_1206_3216Metric_Pad1.30x1.75mm_HandSolder,390,smt
199.6,-86.2,0.0,bottom,R10,,,R_1206_3216Metric_Pad1.30x1.75mm_HandSolder,1M,smt
188.2,-89.8,0.0,bottom,R11,,,R_1206_3216Metric_Pad1.30x1.75mm_HandSolder,10K,smt
205.2,-88.6,180.0,bottom,R12,,,R_1206_3216Metric_Pad1.30x1.75mm_HandSolder,47K,smt
194.0,-83.8,180.0,bottom,R13,,,R_1206_3216Metric_Pad1.30x1.75mm_HandSolder,10K,smt
188.2,-81.4,180.0,bottom,R14,,,R_1206_3216Metric_Pad1.30x1.75mm_HandSolder,10K,smt
199.6,-91.0,0.0,bottom,R16,,,R_1206_3216Metric_Pad1.30x1.75mm_HandSolder,18K,smt
194.0,-86.2,0.0,bottom,R2,,,R_1206_3216Metric_Pad1.30x1.75mm_HandSolder,8K2,smt
194.0,-88.6,0.0,bottom,R3,,,R_1206_3216Metric_Pad1.30x1.75mm_HandSolder,15K,smt
188.2,-87.4,0.0,bottom,R4,,,R_1206_3216Metric_Pad1.30x1.75mm_HandSolder,1K,smt
199.6,-81.4,180.0,bottom,R5,,,R_1206_3216Metric_Pad1.30x1.75mm_HandSolder,33K,smt
212.6,-92.6,90.0,bottom,R6,,,R_1206_3216Metric_Pad1.30x1.75mm_HandSolder,1M,smt
199.6,-83.8,0.0,bottom,R7,,,R_1206_3216Metric_Pad1.30x1.75mm_HandSolder,1M,smt
183.2,-81.4,180.0,bottom,R8,,,R_1206_3216Metric_Pad1.30x1.75mm_HandSolder,4K7,smt
199.6,-88.6,0.0,bottom,R9,,,R_1206_3216Metric_Pad1.30x1.75mm_HandSolder,100,smt
187.6,-94.95,0.0,top,RV1,,,3362S1103LF,10kC,tht
