﻿Designator,Quantity,Value,Footprint,Package,MPN,DNP,Mount_Type,Description,Height,Mouser Part Number,Mouser Price/Stock,Manufacturer_Name,Purpose
"C1, C2",2,47uF,CP_Radial_D6.3mm_P2.50mm,,,,tht,Polarized capacitor,,,,,
C3,1,47nF,C_Rect_L7.2mm_W2.5mm_P5.00mm_FKS2_FKP2_MKS2_MKP2,,,,tht,Unpolarized capacitor,,,,,
"C4, C6, C7",3,10uF,CP_Radial_D5.0mm_P2.50mm,,,,tht,Polarized capacitor,,,,,
C5,1,3n3,C_Rect_L7.2mm_W3.0mm_P5.00mm_FKS2_FKP2_MKS2_MKP2,,,,tht,Unpolarized capacitor,,,,,
D1,1,1N5819,D_DO-41_SOD81_P7.62mm_Horizontal,,,,tht,Schottky diode,,,,,
J1,1,TB002-500-04BE,TB00250004BE,,TB002-500-04BE,,tht,"2~24 Poles, Screw Type, Horizontal, 5.0 Pitch, 22~12 (AWG), Terminal Block Connector",10,490-TB002-500-04BE,https://www.mouser.co.uk/ProductDetail/Same-Sky/TB002-500-04BE?qs=vLWxofP3U2xeSOvlh9kMGw%3D%3D,Same Sky,
J2,1,Conn_01x04_Pin,PinHeader_1x04_P2.54mm_Vertical,,,,tht,"Generic connector, single row, 01x04, script generated",,,,,
Q1,1,MMBF5457,SOT-23,,,,smt,"15mA Idss, 30V Vgs, N-Channel JFET, SOT-23",,,,,
Q2,1,BC849C,SOT-23,,,,smt,"General Purpose NPN Transistor, 1.5A Ic, 25V Vce, SOT-23",,,,,
R1,1,390,R_1206_3216Metric_Pad1.30x1.75mm_HandSolder,,,,smt,Resistor,,,,,
"R10, R6, R7",3,1M,R_1206_3216Metric_Pad1.30x1.75mm_HandSolder,,,,smt,Resistor,,,,,
"R11, R13, R14",3,10K,R_1206_3216Metric_Pad1.30x1.75mm_HandSolder,,,,smt,Resistor,,,,,
R12,1,47K,R_1206_3216Metric_Pad1.30x1.75mm_HandSolder,,,,smt,Resistor,,,,,
R16,1,18K,R_1206_3216Metric_Pad1.30x1.75mm_HandSolder,,,,smt,Resistor,,,,,
R2,1,8K2,R_1206_3216Metric_Pad1.30x1.75mm_HandSolder,,,,smt,Resistor,,,,,Bias resistor (can be potentiometer) for Q1
R3,1,15K,R_1206_3216Metric_Pad1.30x1.75mm_HandSolder,,,,smt,Resistor,,,,,
R4,1,1K,R_1206_3216Metric_Pad1.30x1.75mm_HandSolder,,,,smt,Resistor,,,,,
R5,1,33K,R_1206_3216Metric_Pad1.30x1.75mm_HandSolder,,,,smt,Resistor,,,,,
R8,1,4K7,R_1206_3216Metric_Pad1.30x1.75mm_HandSolder,,,,smt,Resistor,,,,,
R9,1,100,R_1206_3216Metric_Pad1.30x1.75mm_HandSolder,,,,smt,Resistor,,,,,
RV1,1,10kC,3362S1103LF,,,,tht,Potentiometer,,,,,
